{
  "route_list": [
    {
      "link_id": "160022080000",
      "pm2_5": 20.9,
      "no2": 72.87143,
      "o3": 0.0,
      "temp": 1.7571429,
      "humi": 76.41429
    },
    {
      "link_id": "160055640000",
      "pm2_5": 19.288887,
      "no2": 64.16,
      "o3": 0.0,
      "temp": 7.133333,
      "humi": 58.9666672
    },
    {
      "link_id": "160055650000",
      "pm2_5": 21.539999,
      "no2": 46.052,
      "o3": 0.0,
      "temp": 5.5800004,
      "humi": 62.52
    }
  ]
}